url,category
https://m.media-amazon.com/images/I/71DsKbPnDmL._AC_UL320_.jpg,bucket hat
https://m.media-amazon.com/images/I/61GqRMR2kUL._AC_UL320_.jpg,bucket hat
https://m.media-amazon.com/images/I/71Vypk2oGqL._AC_UL320_.jpg,bucket hat
https://m.media-amazon.com/images/I/71wQHlB667L._AC_UL320_.jpg,bucket hat
https://m.media-amazon.com/images/I/71vKMFzyBCL._AC_UL320_.jpg,bucket hat
https://m.media-amazon.com/images/I/81Yd++GkKnL._AC_UL320_.jpg,bucket hat
https://m.media-amazon.com/images/I/61rYarrmArL._AC_UL320_.jpg,bucket hat
https://m.media-amazon.com/images/I/61+njR-zVyL._AC_UL320_.jpg,bucket hat
https://m.media-amazon.com/images/I/517oIlRsYoL._AC_UL320_.jpg,bucket hat
https://m.media-amazon.com/images/I/61HXWlZcRxL._AC_UL320_.jpg,bucket hat
https://m.media-amazon.com/images/I/6149aBH935L._AC_UL320_.jpg,bucket hat
https://m.media-amazon.com/images/I/71IUgs+TfHL._AC_UL320_.jpg,bucket hat
https://m.media-amazon.com/images/I/51w6ts8Vp5L._AC_UL320_.jpg,bucket hat
https://m.media-amazon.com/images/I/71kPTwHV98L._AC_UL320_.jpg,bucket hat
https://m.media-amazon.com/images/I/71q6yd626PL._AC_UL320_.jpg,bucket hat
https://m.media-amazon.com/images/I/61ax6DEFN8L._AC_UL320_.jpg,bucket hat
https://m.media-amazon.com/images/I/61B4OImO4aL._AC_UL320_.jpg,bucket hat
https://m.media-amazon.com/images/I/41v69z79xiL._AC_UL320_.jpg,bucket hat
https://m.media-amazon.com/images/I/71Af+zXn6iL._AC_UL320_.jpg,bucket hat
https://m.media-amazon.com/images/I/61AP79LMsjL._AC_UL320_.jpg,bucket hat
https://m.media-amazon.com/images/I/51Lv-fBWIQL._AC_UL320_.jpg,bucket hat
https://m.media-amazon.com/images/I/81kGmcmikTL._AC_UL320_.jpg,bucket hat
https://m.media-amazon.com/images/I/619oKOowucL._AC_UL320_.jpg,bucket hat
https://m.media-amazon.com/images/I/91PhVkYCsiL._AC_UL320_.jpg,bucket hat
https://m.media-amazon.com/images/I/51M5nB6J6jL._AC_UL320_.jpg,bucket hat
https://m.media-amazon.com/images/I/51mJZURl9eL._AC_UL320_.jpg,bucket hat
https://m.media-amazon.com/images/I/71VNd3JulqL._AC_UL320_.jpg,bucket hat
https://m.media-amazon.com/images/I/71Md0-j6YQL._AC_UL320_.jpg,bucket hat
https://m.media-amazon.com/images/I/61qFGeE1rEL._AC_UL320_.jpg,bucket hat
https://m.media-amazon.com/images/I/71Pz0xCKeAL._AC_UL320_.jpg,bucket hat
https://m.media-amazon.com/images/I/21ZEB5jYbdL._AC_UL320_.jpg,bucket hat
https://m.media-amazon.com/images/I/41VqNJcul+L._AC_UL320_.jpg,bucket hat
https://m.media-amazon.com/images/I/61yx1foTHnL._AC_UL320_.jpg,bucket hat
https://m.media-amazon.com/images/I/41fy7ln1+pL._AC_UL320_.jpg,bucket hat
https://m.media-amazon.com/images/I/71APQ0y5paL._AC_UL320_.jpg,bucket hat
https://m.media-amazon.com/images/I/61bSuFMmzWL._AC_UL320_.jpg,bucket hat
https://m.media-amazon.com/images/I/610ima4BeRL._AC_UL320_.jpg,bucket hat
https://m.media-amazon.com/images/I/81ID85cNVOL._AC_UL320_.jpg,bucket hat
https://m.media-amazon.com/images/I/713ijML2c0L._AC_UL320_.jpg,bucket hat
https://m.media-amazon.com/images/I/515KSHpFrCL._AC_UL320_.jpg,bucket hat
https://m.media-amazon.com/images/I/51ndW4UjgUL._AC_UL320_.jpg,bucket hat
https://m.media-amazon.com/images/I/61YUWP9i20L._AC_UL320_.jpg,bucket hat
https://m.media-amazon.com/images/I/71COkLi5I+L._AC_UL320_.jpg,bucket hat
https://m.media-amazon.com/images/I/31YAUknqCSL._AC_UL320_.jpg,bucket hat
https://m.media-amazon.com/images/I/51cs8br1-eL._AC_UL320_.jpg,bucket hat
https://m.media-amazon.com/images/I/81sAe7kcVcL._AC_UL320_.jpg,bucket hat
https://m.media-amazon.com/images/I/710oNAiMKUL._AC_UL320_.jpg,bucket hat
https://m.media-amazon.com/images/I/81ivj20ZAKL._AC_UL320_.jpg,bucket hat
https://m.media-amazon.com/images/I/71lgBe9NoUL._AC_UL320_.jpg,bucket hat
https://m.media-amazon.com/images/I/41xsqttr-sL._AC_UL320_.jpg,bucket hat
https://m.media-amazon.com/images/I/81UxwuVLNRL._AC_UL320_.jpg,bucket hat
https://m.media-amazon.com/images/I/61nmoAeGclL._AC_UL320_.jpg,bucket hat
https://m.media-amazon.com/images/I/61Z8htISPCL._AC_UL320_.jpg,bucket hat
https://m.media-amazon.com/images/I/61Mga76UFDL._AC_UL320_.jpg,bucket hat
https://m.media-amazon.com/images/I/51AOcW2XBoL._AC_UL320_.jpg,bucket hat
https://m.media-amazon.com/images/I/614gcJvgpBL._AC_UL320_.jpg,bucket hat
https://m.media-amazon.com/images/I/41jcvq+Oi-L._AC_UL320_.jpg,bucket hat
https://m.media-amazon.com/images/I/61fsSJuK4pL._AC_UL320_.jpg,bucket hat
https://m.media-amazon.com/images/I/91B70Js4I5L._AC_UL320_.jpg,bucket hat
https://m.media-amazon.com/images/I/71fGvHLHhcL._AC_UL320_.jpg,bucket hat
https://m.media-amazon.com/images/I/716XyaMd3vL._AC_UL320_.jpg,bucket hat
https://m.media-amazon.com/images/I/81FWgVmG6ML._AC_UL320_.jpg,bucket hat
https://m.media-amazon.com/images/I/611nePvfgnL._AC_UL320_.jpg,bucket hat
https://m.media-amazon.com/images/I/81gn0E1ztWL._AC_UL320_.jpg,bucket hat
https://m.media-amazon.com/images/I/61QzVj9WBWL._AC_UL320_.jpg,bucket hat
https://m.media-amazon.com/images/I/519vPZqmi5L._AC_UL320_.jpg,bucket hat
https://m.media-amazon.com/images/I/81o9ksMSjNL._AC_UL320_.jpg,bucket hat
https://m.media-amazon.com/images/I/31vmg1-Z1PL._AC_UL320_.jpg,bucket hat
https://m.media-amazon.com/images/I/41fCRzWuF8L._AC_UL320_.jpg,bucket hat
https://m.media-amazon.com/images/I/81Z6SyhFADL._AC_UL320_.jpg,bucket hat
https://m.media-amazon.com/images/I/61xWc341m5L._AC_UL320_.jpg,bucket hat
https://m.media-amazon.com/images/I/51CrKMAYpaL._AC_UL320_.jpg,bucket hat
https://m.media-amazon.com/images/I/81yQIuyhnuL._AC_UL320_.jpg,bucket hat
https://m.media-amazon.com/images/I/61h5OMHZ5VL._AC_UL320_.jpg,bucket hat
https://m.media-amazon.com/images/I/71HFwhn3FNL._AC_UL320_.jpg,bucket hat
https://m.media-amazon.com/images/I/51sgHgZEAsL._AC_UL320_.jpg,bucket hat
https://m.media-amazon.com/images/I/81e6nba8QPL._AC_UL320_.jpg,bucket hat
https://m.media-amazon.com/images/I/61D5pnDsZkL._AC_UL320_.jpg,bucket hat
https://m.media-amazon.com/images/I/71OzHOuw6YL._AC_UL320_.jpg,bucket hat
https://m.media-amazon.com/images/I/51RH5Uty8gL._AC_UL320_.jpg,bucket hat
https://m.media-amazon.com/images/I/61iifUCmbGL._AC_UL320_.jpg,bucket hat
https://m.media-amazon.com/images/I/5106EjsuHfL._AC_UL320_.jpg,bucket hat
https://m.media-amazon.com/images/I/51rwLIifB1L._AC_UL320_.jpg,bucket hat
https://m.media-amazon.com/images/I/51L+OeKZaKL._AC_UL320_.jpg,bucket hat
https://m.media-amazon.com/images/I/81DUwcQ9vFL._AC_UL320_.jpg,bucket hat
https://m.media-amazon.com/images/I/61KKa1CO7kL._AC_UL320_.jpg,bucket hat
https://m.media-amazon.com/images/I/81uCNJH0dQL._AC_UL320_.jpg,bucket hat
https://m.media-amazon.com/images/I/61XkHlOHaML._AC_UL320_.jpg,bucket hat
https://m.media-amazon.com/images/I/71WKIcKGCPL._AC_UL320_.jpg,bucket hat
https://m.media-amazon.com/images/I/51QxNKp27oL._AC_UL320_.jpg,bucket hat
https://m.media-amazon.com/images/I/51Zv-M7uB1L._AC_UL320_.jpg,bucket hat
https://m.media-amazon.com/images/I/41YdKlsIaOL._AC_UL320_.jpg,bucket hat
https://m.media-amazon.com/images/I/31m8OLNG7DL._AC_UL320_.jpg,bucket hat
https://m.media-amazon.com/images/I/710maer5BqL._AC_UL320_.jpg,bucket hat
https://m.media-amazon.com/images/I/614Q6iTbPdL._AC_UL320_.jpg,bucket hat
https://m.media-amazon.com/images/I/71wJSxCmwoL._AC_UL320_.jpg,bucket hat
https://m.media-amazon.com/images/I/415zcsInO4L._AC_UL320_.jpg,bucket hat
https://m.media-amazon.com/images/I/A1NDE2+A8+L._AC_UL320_.jpg,bucket hat
https://m.media-amazon.com/images/I/5125BpmawbL._AC_UL320_.jpg,bucket hat
https://m.media-amazon.com/images/I/61ENah9q4GL._AC_UL320_.jpg,bucket hat
https://m.media-amazon.com/images/I/81+aNicpCKL._AC_UL320_.jpg,bucket hat
https://m.media-amazon.com/images/I/61WbW-4oDsL._AC_UL320_.jpg,bucket hat
https://m.media-amazon.com/images/I/51jcDsrVXrL._AC_UL320_.jpg,bucket hat
https://m.media-amazon.com/images/I/61JN7l66BqL._AC_UL320_.jpg,bucket hat
https://m.media-amazon.com/images/I/51Ykm8kuPNL._AC_UL320_.jpg,bucket hat
https://m.media-amazon.com/images/I/51nhvPHDVpL._AC_UL320_.jpg,bucket hat
https://m.media-amazon.com/images/I/61wBBBJAwiL._AC_UL320_.jpg,bucket hat
https://m.media-amazon.com/images/I/61Jh5hDaPGL._AC_UL320_.jpg,bucket hat
https://m.media-amazon.com/images/I/71HAFaMjZ5L._AC_UL320_.jpg,bucket hat
https://m.media-amazon.com/images/I/51NXSf1tdtL._AC_UL320_.jpg,bucket hat
https://m.media-amazon.com/images/I/81PgTgqJ1ZL._AC_UL320_.jpg,bucket hat
https://m.media-amazon.com/images/I/712lOFuUsIL._AC_UL320_.jpg,bucket hat
https://m.media-amazon.com/images/I/61vlK35dERL._AC_UL320_.jpg,bucket hat
https://m.media-amazon.com/images/I/31iUzu8WAqL._AC_UL320_.jpg,bucket hat
https://m.media-amazon.com/images/I/61U7HPdimfL._AC_UL320_.jpg,bucket hat
https://m.media-amazon.com/images/I/71vU39KlETL._AC_UL320_.jpg,bucket hat
https://m.media-amazon.com/images/I/31S74cbu05L._AC_UL320_.jpg,bucket hat
https://m.media-amazon.com/images/I/71nBwqESY4L._AC_UL320_.jpg,bucket hat
https://m.media-amazon.com/images/I/41SqMDhQa9L._AC_UL320_.jpg,bucket hat
https://m.media-amazon.com/images/I/51XbRJUSSeL._AC_UL320_.jpg,bucket hat
https://m.media-amazon.com/images/I/71RT9vu0OIL._AC_UL320_.jpg,bucket hat
https://m.media-amazon.com/images/I/51QBLTReknL._AC_UL320_.jpg,bucket hat
https://m.media-amazon.com/images/I/41+Gg20ZeIL._AC_UL320_.jpg,bucket hat
https://m.media-amazon.com/images/I/81-1iadxdwL._AC_UL320_.jpg,bucket hat
https://m.media-amazon.com/images/I/71zW-SUH9qL._AC_UL320_.jpg,bucket hat
https://m.media-amazon.com/images/I/71uJMFoizIL._AC_UL320_.jpg,bucket hat
https://m.media-amazon.com/images/I/51yhY+CuPzL._AC_UL320_.jpg,bucket hat
https://m.media-amazon.com/images/I/613DDYYUNeL._AC_UL320_.jpg,bucket hat
https://m.media-amazon.com/images/I/51Q2xfathtL._AC_UL320_.jpg,bucket hat
https://m.media-amazon.com/images/I/816ukeTDTcL._AC_UL320_.jpg,bucket hat
https://m.media-amazon.com/images/I/51dfcRVgy1L._AC_UL320_.jpg,bucket hat
https://m.media-amazon.com/images/I/51tVcrdZAjL._AC_UL320_.jpg,bucket hat
https://m.media-amazon.com/images/I/71lMmQs+bUL._AC_UL320_.jpg,bucket hat
https://m.media-amazon.com/images/I/51AmxzC3G6L._AC_UL320_.jpg,bucket hat
https://m.media-amazon.com/images/I/81u2m9RkVbL._AC_UL320_.jpg,bucket hat
https://m.media-amazon.com/images/I/61t5IsFHQYL._AC_UL320_.jpg,bucket hat
https://m.media-amazon.com/images/I/61zVRgk-RyL._AC_UL320_.jpg,bucket hat
https://m.media-amazon.com/images/I/710qeZF3kYL._AC_UL320_.jpg,bucket hat
https://m.media-amazon.com/images/I/71fRkFXsUdL._AC_UL320_.jpg,bucket hat
https://m.media-amazon.com/images/I/21oyi3BWSJL._AC_UL320_.jpg,bucket hat
https://m.media-amazon.com/images/I/714OfH0SuZL._AC_UL320_.jpg,bucket hat
https://m.media-amazon.com/images/I/81AZCEUZrRL._AC_UL320_.jpg,bucket hat
https://m.media-amazon.com/images/I/717HG8Den9L._AC_UL320_.jpg,bucket hat
https://m.media-amazon.com/images/I/61l3xIcvexL._AC_UL320_.jpg,bucket hat
https://m.media-amazon.com/images/I/81KlRKFQDZL._AC_UL320_.jpg,bucket hat
https://m.media-amazon.com/images/I/51PuRpQdjiL._AC_UL320_.jpg,bucket hat
https://m.media-amazon.com/images/I/51d+1k7pnjL._AC_UL320_.jpg,bucket hat
https://m.media-amazon.com/images/I/51xUoctLWBL._AC_UL320_.jpg,bucket hat
https://m.media-amazon.com/images/I/81ZvbhYWlBL._AC_UL320_.jpg,bucket hat
https://m.media-amazon.com/images/I/51CcU5qniNL._AC_UL320_.jpg,bucket hat
https://m.media-amazon.com/images/I/71iIdBkK34L._AC_UL320_.jpg,bucket hat
https://m.media-amazon.com/images/I/61KCeGbMtAL._AC_UL320_.jpg,bucket hat
https://m.media-amazon.com/images/I/613jttqOndL._AC_UL320_.jpg,bucket hat
https://m.media-amazon.com/images/I/817phZ5jXsL._AC_UL320_.jpg,bucket hat
https://m.media-amazon.com/images/I/613G6nR2nTL._AC_UL320_.jpg,bucket hat
https://m.media-amazon.com/images/I/61x-ynVR4NL._AC_UL320_.jpg,bucket hat
https://m.media-amazon.com/images/I/81xX3Q1YfRL._AC_UL320_.jpg,bucket hat
https://m.media-amazon.com/images/I/81hcPYzBbVL._AC_UL320_.jpg,bucket hat
https://m.media-amazon.com/images/I/81CcrHrD3rL._AC_UL320_.jpg,bucket hat
https://m.media-amazon.com/images/I/91+tcuDDRNL._AC_UL320_.jpg,bucket hat
https://m.media-amazon.com/images/I/31pal7sH39L._AC_UL320_.jpg,bucket hat
https://m.media-amazon.com/images/I/814sDVZyASL._AC_UL320_.jpg,bucket hat
https://m.media-amazon.com/images/I/31a+YPY5nSL._AC_UL320_.jpg,bucket hat
https://m.media-amazon.com/images/I/51GG5tzA-JL._AC_UL320_.jpg,bucket hat
https://m.media-amazon.com/images/I/71DyuRwufnL._AC_UL320_.jpg,bucket hat
https://m.media-amazon.com/images/I/61EOmu2YzYL._AC_UL320_.jpg,bucket hat
https://m.media-amazon.com/images/I/81oqgW4iz6L._AC_UL320_.jpg,bucket hat
https://m.media-amazon.com/images/I/71QV-dw0GSL._AC_UL320_.jpg,bucket hat
https://m.media-amazon.com/images/I/71+BUcUZUtL._AC_UL320_.jpg,bucket hat
https://m.media-amazon.com/images/I/71WPUcXllML._AC_UL320_.jpg,bucket hat
https://m.media-amazon.com/images/I/61zFNGVSK+L._AC_UL320_.jpg,bucket hat
https://m.media-amazon.com/images/I/21TXtD8ao5L._AC_UL320_.jpg,bucket hat
https://m.media-amazon.com/images/I/71Dg+J7ChYL._AC_UL320_.jpg,bucket hat
https://m.media-amazon.com/images/I/616Kh-3LECL._AC_UL320_.jpg,bucket hat
https://m.media-amazon.com/images/I/715-W8iF46L._AC_UL320_.jpg,bucket hat
https://m.media-amazon.com/images/I/71lMyrf3i8L._AC_UL320_.jpg,bucket hat
https://m.media-amazon.com/images/I/616Ho88UeAL._AC_UL320_.jpg,bucket hat
https://m.media-amazon.com/images/I/81+CVYiCbvL._AC_UL320_.jpg,bucket hat
https://m.media-amazon.com/images/I/81wePZamV-L._AC_UL320_.jpg,bucket hat
https://m.media-amazon.com/images/I/71UmeQdYy5L._AC_UL320_.jpg,bucket hat
https://m.media-amazon.com/images/I/71ZB33sGRIL._AC_UL320_.jpg,bucket hat
https://m.media-amazon.com/images/I/51W-blOEl7L._AC_UL320_.jpg,bucket hat
https://m.media-amazon.com/images/I/8145xpbkBzL._AC_UL320_.jpg,bucket hat
https://m.media-amazon.com/images/I/51-l-huYGjL._AC_UL320_.jpg,bucket hat
https://m.media-amazon.com/images/I/91enEB7ix8L._AC_UL320_.jpg,bucket hat
https://m.media-amazon.com/images/I/41DrMqCmczL._AC_UL320_.jpg,bucket hat
https://m.media-amazon.com/images/I/517q4-QnrBL._AC_UL320_.jpg,bucket hat
https://m.media-amazon.com/images/I/71BCEnqkOmL._AC_UL320_.jpg,bucket hat
https://m.media-amazon.com/images/I/51gveGaiP9L._AC_UL320_.jpg,bucket hat
https://m.media-amazon.com/images/I/811calN+SLL._AC_UL320_.jpg,bucket hat
https://m.media-amazon.com/images/I/811K-pzH-4L._AC_UL320_.jpg,bucket hat
https://m.media-amazon.com/images/I/610LLxwSWUL._AC_UL320_.jpg,bucket hat
https://m.media-amazon.com/images/I/31mnYfi1JoL._AC_UL320_.jpg,bucket hat
https://m.media-amazon.com/images/I/41MEW9blSZL._AC_UL320_.jpg,bucket hat
https://m.media-amazon.com/images/I/61nzG8DcIQL._AC_UL320_.jpg,bucket hat
https://m.media-amazon.com/images/I/61h8VPD+qKL._AC_UL320_.jpg,bucket hat
https://m.media-amazon.com/images/I/51rAbun2qOL._AC_UL320_.jpg,bucket hat
https://m.media-amazon.com/images/I/51DHgWsBjJL._AC_UL320_.jpg,bucket hat
https://m.media-amazon.com/images/I/718krVJpSfL._AC_UL320_.jpg,bucket hat
https://m.media-amazon.com/images/I/318NcbBIyeL._AC_UL320_.jpg,bucket hat
https://m.media-amazon.com/images/I/81wbT9ckuML._AC_UL320_.jpg,bucket hat
https://m.media-amazon.com/images/I/61JDVa6qpUL._AC_UL320_.jpg,bucket hat
https://m.media-amazon.com/images/I/61whChshbeL._AC_UL320_.jpg,bucket hat
https://m.media-amazon.com/images/I/51stap4scdL._AC_UL320_.jpg,bucket hat
https://m.media-amazon.com/images/I/81LGr-5092L._AC_UL320_.jpg,bucket hat
https://m.media-amazon.com/images/I/71vjS-s3ESL._AC_UL320_.jpg,bucket hat
https://m.media-amazon.com/images/I/813C-hVSSjL._AC_UL320_.jpg,bucket hat
https://m.media-amazon.com/images/I/717XCj6pSbL._AC_UL320_.jpg,bucket hat
https://m.media-amazon.com/images/I/51Sb4P-zTIL._AC_UL320_.jpg,bucket hat
https://m.media-amazon.com/images/I/51vfXA46nXL._AC_UL320_.jpg,bucket hat
https://m.media-amazon.com/images/I/41FyqdgrhkL._AC_UL320_.jpg,bucket hat
https://m.media-amazon.com/images/I/619EADkUEIL._AC_UL320_.jpg,bucket hat
https://m.media-amazon.com/images/I/61HtmOyh8yL._AC_UL320_.jpg,bucket hat
https://m.media-amazon.com/images/I/41xywO13+ML._AC_UL320_.jpg,bucket hat
https://m.media-amazon.com/images/I/71csyFotKFL._AC_UL320_.jpg,bucket hat
https://m.media-amazon.com/images/I/613qsQRHDnL._AC_UL320_.jpg,bucket hat
https://m.media-amazon.com/images/I/81KtcOw4n7L._AC_UL320_.jpg,bucket hat
https://m.media-amazon.com/images/I/41qhz89P9NL._AC_UL320_.jpg,bucket hat
https://m.media-amazon.com/images/I/91Kg+hgufwL._AC_UL320_.jpg,bucket hat
https://m.media-amazon.com/images/I/713lE3MBDjL._AC_UL320_.jpg,bucket hat
https://m.media-amazon.com/images/I/81GHryG+HGL._AC_UL320_.jpg,bucket hat
https://m.media-amazon.com/images/I/41PncQCGAcL._AC_UL320_.jpg,bucket hat
https://m.media-amazon.com/images/I/91-6m+p9z1L._AC_UL320_.jpg,bucket hat
https://m.media-amazon.com/images/I/71IZa-w1YFL._AC_UL320_.jpg,bucket hat
https://m.media-amazon.com/images/I/81eAK1HM2VL._AC_UL320_.jpg,bucket hat
https://m.media-amazon.com/images/I/81QlMUMX1-L._AC_UL320_.jpg,bucket hat
https://m.media-amazon.com/images/I/61D8Vj7hi2L._AC_UL320_.jpg,bucket hat
https://m.media-amazon.com/images/I/51H3dLmNoGL._AC_UL320_.jpg,bucket hat
https://m.media-amazon.com/images/I/71OPO4UALCL._AC_UL320_.jpg,bucket hat
https://m.media-amazon.com/images/I/21WbWYBpljL._AC_UL320_.jpg,bucket hat
https://m.media-amazon.com/images/I/71O1Sd5ctcL._AC_UL320_.jpg,bucket hat
https://m.media-amazon.com/images/I/61RMUNR4eYL._AC_UL320_.jpg,bucket hat
https://m.media-amazon.com/images/I/51uM+L7cszL._AC_UL320_.jpg,bucket hat
https://m.media-amazon.com/images/I/61u6PF4FR1L._AC_UL320_.jpg,bucket hat
https://m.media-amazon.com/images/I/41gHW80noZL._AC_UL320_.jpg,bucket hat
https://m.media-amazon.com/images/I/71IFyyMU6AL._AC_UL320_.jpg,bucket hat
https://m.media-amazon.com/images/I/715dzpaNXtL._AC_UL320_.jpg,bucket hat
https://m.media-amazon.com/images/I/71i-6TCMarL._AC_UL320_.jpg,bucket hat
https://m.media-amazon.com/images/I/818ewyJDCwL._AC_UL320_.jpg,bucket hat
https://m.media-amazon.com/images/I/513mUtGzwzL._AC_UL320_.jpg,bucket hat
https://m.media-amazon.com/images/I/81B5yu-emBL._AC_UL320_.jpg,bucket hat
https://m.media-amazon.com/images/I/71sgK5uHsgL._AC_UL320_.jpg,bucket hat
https://m.media-amazon.com/images/I/51RYE0uxHPL._AC_UL320_.jpg,bucket hat
https://m.media-amazon.com/images/I/31rIEDWIU4L._AC_UL320_.jpg,bucket hat
https://m.media-amazon.com/images/I/41+9UE+p+gL._AC_UL320_.jpg,bucket hat
https://m.media-amazon.com/images/I/71zjkeNY53L._AC_UL320_.jpg,bucket hat
https://m.media-amazon.com/images/I/51Osk3mVR+L._AC_UL320_.jpg,bucket hat
https://m.media-amazon.com/images/I/71EhQZwMEnL._AC_UL320_.jpg,bucket hat
https://m.media-amazon.com/images/I/31omI9SrtFL._AC_UL320_.jpg,bucket hat
https://m.media-amazon.com/images/I/41GSIwKkktL._AC_UL320_.jpg,bucket hat
https://m.media-amazon.com/images/I/61eSE4cHxIL._AC_UL320_.jpg,bucket hat
https://m.media-amazon.com/images/I/51NaDhJZo2L._AC_UL320_.jpg,bucket hat
https://m.media-amazon.com/images/I/61GG1jN2SPL._AC_UL320_.jpg,bucket hat
https://m.media-amazon.com/images/I/51CIbc6oIlL._AC_UL320_.jpg,bucket hat
https://m.media-amazon.com/images/I/61rlU+G6yyL._AC_UL320_.jpg,bucket hat
https://m.media-amazon.com/images/I/21BUUuPdH0L._AC_UL320_.jpg,bucket hat
https://m.media-amazon.com/images/I/61Zt6MiEfTL._AC_UL320_.jpg,bucket hat
https://m.media-amazon.com/images/I/31n0oGfCyDL._AC_UL320_.jpg,bucket hat
https://m.media-amazon.com/images/I/61-0dPl+FIL._AC_UL320_.jpg,bucket hat
https://m.media-amazon.com/images/I/71Adm8dPxgL._AC_UL320_.jpg,bucket hat
https://m.media-amazon.com/images/I/21E29WD3KLL._AC_UL320_.jpg,bucket hat
https://m.media-amazon.com/images/I/612HAMd0CTL._AC_UL320_.jpg,bucket hat
https://m.media-amazon.com/images/I/91KYYOZvR+L._AC_UL320_.jpg,bucket hat
https://m.media-amazon.com/images/I/91VqxpaDCxL._AC_UL320_.jpg,bucket hat
https://m.media-amazon.com/images/I/71FekM0W+KL._AC_UL320_.jpg,bucket hat
https://m.media-amazon.com/images/I/31-dzn9qcGL._AC_UL320_.jpg,bucket hat
https://m.media-amazon.com/images/I/81zG0yxf-zL._AC_UL320_.jpg,bucket hat
https://m.media-amazon.com/images/I/61g4jCaYqZL._AC_UL320_.jpg,bucket hat
https://m.media-amazon.com/images/I/41NyNodNwwL._AC_UL320_.jpg,bucket hat
https://m.media-amazon.com/images/I/71+YHYNQ8pL._AC_UL320_.jpg,bucket hat
https://m.media-amazon.com/images/I/81bH3PmouXL._AC_UL320_.jpg,bucket hat
https://m.media-amazon.com/images/I/71DSnQC2dDL._AC_UL320_.jpg,bucket hat
https://m.media-amazon.com/images/I/61KHjoVETxL._AC_UL320_.jpg,bucket hat
https://m.media-amazon.com/images/I/71fzjBm+gQL._AC_UL320_.jpg,bucket hat
https://m.media-amazon.com/images/I/71T1iv33ZIL._AC_UL320_.jpg,bucket hat
https://m.media-amazon.com/images/I/61EHFrnHzGL._AC_UL320_.jpg,bucket hat
https://m.media-amazon.com/images/I/61ohIeaHnyL._AC_UL320_.jpg,bucket hat
https://m.media-amazon.com/images/I/51y80St6bhL._AC_UL320_.jpg,bucket hat
https://m.media-amazon.com/images/I/81tzkIN8zDL._AC_UL320_.jpg,bucket hat
https://m.media-amazon.com/images/I/81DcoiQ+2-L._AC_UL320_.jpg,bucket hat
https://m.media-amazon.com/images/I/71A+ImLQ29L._AC_UL320_.jpg,bucket hat
https://m.media-amazon.com/images/I/61lw-14oURL._AC_UL320_.jpg,bucket hat
https://m.media-amazon.com/images/I/31puv1MaXYL._AC_UL320_.jpg,bucket hat
https://m.media-amazon.com/images/I/51duDvtLoqL._AC_UL320_.jpg,bucket hat
https://m.media-amazon.com/images/I/31Wl63zjD-L._AC_UL320_.jpg,bucket hat
https://m.media-amazon.com/images/I/714HiVW9mrL._AC_UL320_.jpg,bucket hat
https://m.media-amazon.com/images/I/21TMRRHPdKL._AC_UL320_.jpg,bucket hat
https://m.media-amazon.com/images/I/714GcO6VAfL._AC_UL320_.jpg,bucket hat
https://m.media-amazon.com/images/I/71a--FsLCiL._AC_UL320_.jpg,bucket hat
https://m.media-amazon.com/images/I/71USacKwi9L._AC_UL320_.jpg,bucket hat
https://sc01.alicdn.com/kf/HTB1zYLTIpXXXXXoXVXXq6xXFXXXg/wholesale-printed-bucket-hat.jpg_300x300.jpg,bucket hat
https://sc02.alicdn.com/kf/HTB1w.ZncRCw3KVjSZFuq6AAOpXaY/Popular-All-over-Flat-Embroidery-Custom-Bucket.jpg_300x300.jpg,bucket hat
https://sc02.alicdn.com/kf/HTB1RibDaeP2gK0jSZFoq6yuIVXa8/cheap-custom-bucket-hat-with-custom-woven.jpg_300x300.jpg,bucket hat
https://sc02.alicdn.com/kf/HTB10cSCagFY.1VjSZFnq6AFHXXao/Fisherman-Washed-Kid-Hat-Bucket-Customized-Embroidery.jpg_300x300.jpg,bucket hat
https://sc02.alicdn.com/kf/HTB1H8MFaEGF3KVjSZFvq6z_nXXaQ/Wholesale-Custom-Kids-Sun-Hat-Funny-Caps.jpg_300x300.jpg,bucket hat
https://sc01.alicdn.com/kf/HTB1bLmuMYPpK1RjSZFFq6y5PpXaG/Custom-Printed-Double-Sided-Bucket-hat-art.jpg_300x300.jpg,bucket hat
https://sc02.alicdn.com/kf/HTB1VjWbAkCWBuNjy0Faq6xUlXXa5/NS3143-Hot-Sale-Summer-Kids-Funny-Bucket.jpg_300x300.jpg,bucket hat
https://sc01.alicdn.com/kf/HTB1DVijXoLrK1Rjy0Fjq6zYXFXar/Custom-high-quality-fashion-factory-black-custom.jpg_300x300.jpg,bucket hat
https://sc02.alicdn.com/kf/HTB1mSCuaiLxK1Rjy0Ffq6zYdVXad/custom-men-s-wide-brim-cotton-sun.jpg_300x300.jpg,bucket hat
https://sc01.alicdn.com/kf/HTB1j8tCIXXXXXcJXpXXq6xXFXXX8/Italy-printing-bucket-hat.jpg_300x300.jpg,bucket hat
https://sc01.alicdn.com/kf/HLB1pd.YQkvoK1RjSZFNq6AxMVXaP/Summer-Bucket-Cap-Men-Women-Customized-Logo.jpg_300x300.jpg,bucket hat
https://sc01.alicdn.com/kf/HLB1wydQQkvoK1RjSZPfq6xPKFXar/printed-3d-2d-embroidery-custom-logo-100.jpg_300x300.jpg,bucket hat
https://sc01.alicdn.com/kf/HTB1oq9fMVXXXXa8aXXXq6xXFXXXw/Blue-Sample-Baby-Bucket-Hat-With-String.jpg_300x300.jpg,bucket hat
https://sc01.alicdn.com/kf/HTB1lgcnXIfrK1Rjy0Fmq6xhEXXan/Lipan-Popular-colorful-Plain-Bucket-Hat-Wholesale.jpg_300x300.jpg,bucket hat
https://sc02.alicdn.com/kf/HTB1WlT_XAL0gK0jSZFtq6xQCXXab/Cheap-funny-embroidery-sun-protection-custom-bucket.jpg_300x300.jpg,bucket hat
https://sc02.alicdn.com/kf/HTB1wKqejyMnBKNjSZFoq6zOSFXaY/VCP1049-100-Cotton-Wide-Brim-Sun-Hat.jpg_300x300.jpg,bucket hat
https://sc01.alicdn.com/kf/HTB13GmDhpuWBuNjSszb763S7FXau/Hot-sale-summer-sunshade-broad-brimmed-hat.png_300x300.png,bucket hat
https://sc02.alicdn.com/kf/HTB1ofxXhZnI8KJjSspeq6AwIpXa9/Wide-Brim-Foldable-Double-sided-Outdoor-Camouflage.jpg_300x300.jpg,bucket hat
https://sc02.alicdn.com/kf/HTB1lkyZemfD8KJjSszhq6zIJFXak/High-Quality-Green-Army-Cotton-Fishing-Bucket.jpg_300x300.jpg,bucket hat
https://sc02.alicdn.com/kf/HTB1oQrELXXXXXceXpXXq6xXFXXXd/Wholesale-blank-cheap-bucket-hats.jpg_300x300.jpg,bucket hat
https://sc02.alicdn.com/kf/HTB1gMuFLpXXXXbhXXXXq6xXFXXXk/High-Quality-Digital-Design-Your-Own-Hat.jpg_300x300.jpg,bucket hat
https://sc02.alicdn.com/kf/HTB1B85harus3KVjSZKbq6xqkFXa1/Bucket-hat.jpg_300x300.jpg,bucket hat
https://sc01.alicdn.com/kf/HTB1XTpuKpXXXXXnaXXXq6xXFXXXZ/Bucket-Hat.jpg_300x300.jpg,bucket hat
https://sc02.alicdn.com/kf/HTB1Cu0DV4jaK1RjSZFAq6zdLFXah/High-Quality-bucket-hats-summer-cap-fashion.jpg_300x300.jpg,bucket hat
https://icbu-cpv-image.oss-us-west-1.aliyuncs.com/Custom-design-piping-checked-hemp-bucket-hat.jpg_100x100.jpg,bucket hat
https://sc01.alicdn.com/kf/HTB1ZZhPJCrqK1RjSZK9q6xyypXac/New-Design-Fashion-Girl-s-Bucket-Hat.jpg_300x300.jpg,bucket hat
https://sc01.alicdn.com/kf/HTB1sjKpSFXXXXbkXVXXq6xXFXXXl/Most-Popular-Aztec-Full-Printing-Bucket-Hat.jpg_300x300.jpg,bucket hat
https://sc01.alicdn.com/kf/HTB12ypfObvpK1RjSZPiq6zmwXXan/Wholesale-Fashion-Design-Printing-Leopard-Bucket-Hat.jpg_300x300.jpg,bucket hat
https://sc01.alicdn.com/kf/HTB1NFqFb5QnBKNjSZFmq6AApVXaS/2018-Fancy-Coloured-Large-Bowknot-Split-Ladies.jpg_300x300.jpg,bucket hat
https://sc02.alicdn.com/kf/HTB19vyOvY5YBuNjSspoq6zeNFXaJ/Wholesale-Promotional-Custom-High-Quality-Blank-Design.jpg_300x300.jpg,bucket hat
https://sc02.alicdn.com/kf/HTB1mtLDaJfvK1RjSspoq6zfNpXaC/custom-sublimation-printing-reversible-promotional-bucket-hat.jpg_300x300.jpg,bucket hat
https://sc02.alicdn.com/kf/HTB1h3IwhIuYBuNkSmRyq6AA3pXat/custom-short-brim-purple-embroidery-high-quality.jpg_300x300.jpg,bucket hat
https://sc02.alicdn.com/kf/HTB1Ud2MmsyYBuNkSnfoq6AWgVXaP/custom-made-bucket-hats-blank-bucket-hat.jpg_300x300.jpg,bucket hat
https://sc01.alicdn.com/kf/HTB1lJfULVXXXXbKXVXXq6xXFXXXl/2018-New-Boonie-Cap-Classic-Custom-Military.jpg_300x300.jpg,bucket hat
https://sc01.alicdn.com/kf/HTB1awvvaUjrK1RkHFNRq6ySvpXaq/Custom-all-over-print-woven-patch-cool.jpg_300x300.jpg,bucket hat
https://icbu-cpv-image.oss-us-west-1.aliyuncs.com/Custom-sublimation-printing-fishing-terry-towel-bucket.jpg_100x100.jpg,bucket hat
https://icbu-cpv-image.oss-us-west-1.aliyuncs.com/Good-Quality-Promotional-Bucket-Hat-Plain-Fisherman.jpg_100x100.jpg,bucket hat
https://sc01.alicdn.com/kf/HTB1G0ytO4naK1RjSZFtq6zC2VXag/Dongguan-factory-OEM-Custom-fishing-cap-embroidery.jpg_300x300.jpg,bucket hat
https://sc02.alicdn.com/kf/HTB10pIpNa6qK1RjSZFmq6x0PFXaY/New-style-ladies-reverse-bucket-hats-with.jpg_300x300.jpg,bucket hat
https://sc01.alicdn.com/kf/HTB1FYyBfC7PL1JjSZFHq6AciXXaf/100-cotton-good-quality-for-wholesale-blank.jpg_300x300.jpg,bucket hat
https://sc01.alicdn.com/kf/HTB1n1VDN5rpK1RjSZFhq6xSdXXaB/women-cheap-wholesale-wool-felt-bucket-hat.jpg_300x300.jpg,bucket hat
https://sc02.alicdn.com/kf/HTB1wFjgX0fvK1RjSspoq6zfNpXao/2019-Fashion-New-Hot-Selling-Foldable-Unisex.jpg_300x300.jpg,bucket hat
https://sc01.alicdn.com/kf/HTB1aoE9c97PL1JjSZFHq6AciXXaL/Russia-football-fan-bucket-cap-fisherman-hat.jpg_300x300.jpg,bucket hat
https://sc02.alicdn.com/kf/HTB1sL_Yd0nJ8KJjSszdq6yxuFXaU/Designer-printed-pattern-custom-bucket-hat-fancy.jpg_300x300.jpg,bucket hat
https://sc01.alicdn.com/kf/HTB1kURKea1s3KVjSZFAq6x_ZXXa7/Plain-white-cotton-custom-logo-bucket-hat.jpg_300x300.jpg,bucket hat
https://sc02.alicdn.com/kf/HLB13CmeTAzoK1RjSZFlq6yi4VXa6/wholesale-fishing-bucket-hat-bucket-hat-cotton.jpg_300x300.jpg,bucket hat
https://sc02.alicdn.com/kf/HTB1ZjNkXOfrK1RjSspbq6A4pFXaC/HOT-selling-bucket-hat-UPF-50-Sun.jpg_300x300.jpg,bucket hat
https://sc02.alicdn.com/kf/HTB12ZJ5jrwrBKNjSZPcq6xpapXan/Custom-fishing-bucket-hat-with-hand-tag.jpg_300x300.jpg,bucket hat
https://sc01.alicdn.com/kf/HTB18zTXewaTBuNjSszfq6xgfpXa6/Adult-Size-Polyester-Universe-Stars-Print-Milky.jpg_300x300.jpg,bucket hat
https://sc01.alicdn.com/kf/HTB1iqt_XwKTBuNkSne1q6yJoXXan/Wholesale-Custom-Washed-Cotton-Bucket-Hat.jpg_300x300.jpg,bucket hat
https://sc01.alicdn.com/kf/HTB1gOWMXOLxK1Rjy0Ffq6zYdVXaJ/Wholesale-High-Quality-Hats-Custom-Embroidery-Corduroy.jpg_300x300.jpg,bucket hat
https://sc02.alicdn.com/kf/HTB18a9xX6zuK1RjSsppq6xz0XXac/Custom-Army-Uniforms-Color-camouflage-Unisex-Fisherman.jpg_300x300.jpg,bucket hat
https://sc02.alicdn.com/kf/HTB1ddgzaSWD3KVjSZSgq6ACxVXam/Double-Sided-Wear-Camouflage-Bucket-Hat-Fit.jpg_300x300.jpg,bucket hat
https://sc02.alicdn.com/kf/HLB1D5uxQSzqK1RjSZFjq6zlCFXao/New-Style-Safari-Plain-Custom-Reflective-Bucket.jpg_300x300.jpg,bucket hat
https://sc02.alicdn.com/kf/HTB1I6FCborrK1RkSne1q6ArVVXax/OEM-wholesales-white-outdoor-bucket-hats-cotton.jpg_300x300.jpg,bucket hat
https://sc01.alicdn.com/kf/HTB1.BACindYBeNkSmLyq6xfnVXa5/Custom-Printed-Boonie-Bucket-Hat-with-string.jpg_300x300.jpg,bucket hat
https://sc01.alicdn.com/kf/HTB1tWfoX6zuK1RjSsppq6xz0XXaW/Custom-Made-Canvas-Multicolor-Kids-Printed-Bucket.jpg_300x300.jpg,bucket hat
https://sc02.alicdn.com/kf/HTB1AZF_a.LrK1Rjy0Fjq6zYXFXaT/Custom-Logo-Twill-Cotton-Fisherman-Hat-Bucket.jpg_300x300.jpg,bucket hat
https://sc01.alicdn.com/kf/HTB1XAoQXjDuK1RjSszdq6xGLpXaA/Customized-Red-floral-bucket-hat-for-wholesale.jpg_300x300.jpg,bucket hat
https://sc02.alicdn.com/kf/HTB1RsDvXRCw3KVjSZFuq6AAOpXaQ/Summer-fishing-hat-women-string-custom-bucket.jpg_300x300.jpg,bucket hat
https://sc02.alicdn.com/kf/HLB1Qv4HUSzqK1RjSZFpq6ykSXXaV/Wholesale-Cheap-Cotton-Fabric-Fishing-Fisherman-Bucket.jpg_300x300.jpg,bucket hat
https://sc01.alicdn.com/kf/HTB1QfHsXjDuK1Rjy1zjq6zraFXaQ/Baby-Unicorn-Fisherman-Cap-UV-Protection-Outdoor.jpg_300x300.jpg,bucket hat
https://sc02.alicdn.com/kf/HLB11.2KQxnaK1RjSZFB763W7VXaz/Cheap-wide-fold-brim-cap-child-bucket.png_300x300.png,bucket hat
https://sc02.alicdn.com/kf/HTB1_ON3XN_rK1RkHFqDq6yJAFXav/Custom-Fashion-High-Quality-Embroidery-Bucket-Hat.jpg_300x300.jpg,bucket hat
https://sc02.alicdn.com/kf/HTB1B35tXcrrK1Rjy1zeq6xalFXaR/wholesale-custom-high-quality-fashion-luxury-unisex.jpg_300x300.jpg,bucket hat
https://sc02.alicdn.com/kf/HLB1IIaGTa6qK1RjSZFmq6x0PFXab/best-selling-print-cotton-ladies-fisherman-bucket.jpg_300x300.jpg,bucket hat
https://sc01.alicdn.com/kf/HTB1otgDbffsK1RjSszbq6AqBXXah/2019-Cheap-Spring-Summer-Fisher-Hat-Sun.jpg_300x300.jpg,bucket hat
https://sc01.alicdn.com/kf/HTB18CmAaizxK1RjSspjq6AS.pXam/High-Quality-Leaf-Bucket-Hats-outdoor-fishing.jpg_300x300.jpg,bucket hat
https://sc01.alicdn.com/kf/UTB8Uh6CjSbIXKJkSaefq6yasXXan/Popular-latest-fishing-outdoor-sun-protection-black.jpg_300x300.jpg,bucket hat
https://sc02.alicdn.com/kf/HTB166a.XcfrK1RjSszc760GGFXaA/Low-MOQ-Cheap-Women-Fashion-fishing-cap.png_300x300.png,bucket hat
https://sc01.alicdn.com/kf/HTB1WngtbfBj_uVjSZFpq6A0SXXaw/Good-quality-outdoor-quick-drying-bucket-hat.jpg_300x300.jpg,bucket hat
https://sc01.alicdn.com/kf/HLB1CxvUTAvoK1RjSZFwq6AiCFXaT/Women-custom-Emoji-logo-smile-embroidery-cotton.jpg_300x300.jpg,bucket hat
https://sc02.alicdn.com/kf/HTB1Yu5xiz7nBKNjSZLeq6zxCFXal/Wholesale-Sun-Fishing-Fishman-Bucket-Hat.jpg_300x300.jpg,bucket hat
https://sc02.alicdn.com/kf/HTB1mjd0sNuTBuNkHFNRq6A9qpXaX/outdoor-sun-hat-fishingman-sunshade-caps-hiking.jpg_300x300.jpg,bucket hat
https://sc01.alicdn.com/kf/HTB1NFBjazzuK1Rjy0Fpq6yEpFXaf/Fashion-Camo-Bucket-Cap-Camouflage-Hat-Headwear.jpg_300x300.jpg,bucket hat
https://sc01.alicdn.com/kf/HTB1RSfkaTZRMeJjSspnq6AJdFXag/Wholesale-cheap-stylish-multicolor-visor-hat-custom.jpg_300x300.jpg,bucket hat
https://sc01.alicdn.com/kf/HTB1earXg9cqBKNjSZFgq6x_kXXa6/wholesale-bucket-hats-unisex-pvc-summer-bucket.jpg_300x300.jpg,bucket hat
https://sc02.alicdn.com/kf/HTB1UteVJHPpK1RjSZFFq6y5PpXaq/Fashion-New-Black-White-Palm-Tree-Print.jpg_300x300.jpg,bucket hat
https://sc02.alicdn.com/kf/UTB8vjAFiT_IXKJkSalUq6yBzVXat/Custom-Made-Plain-Mesh-Fishman-Outdoor-Bucket.jpg_300x300.jpg,bucket hat
https://sc02.alicdn.com/kf/HTB1JZoAclKw3KVjSZFO761rDVXa8/B12-Straw-Hat-Female-Summer-Simple-Bowknot.png_300x300.png,bucket hat
https://sc02.alicdn.com/kf/HTB1TaACbEFWMKJjSZFvq6yenFXaZ/black-camouflage-reversible-bucket-hat-wide-brim.jpg_300x300.jpg,bucket hat
https://sc01.alicdn.com/kf/HTB1uMnCmWmWBuNjy1Xaq6xCbXXa1/Customize-fashion-design-your-own-navy-bucket.jpg_300x300.jpg,bucket hat
https://sc02.alicdn.com/kf/HTB1DMsrgx1YBuNjy1zcq6zNcXXak/White-58CM-custom-logo-stylish-outdoor-sun.jpg_300x300.jpg,bucket hat
https://sc02.alicdn.com/kf/HLB1okqWRgDqK1RjSZSyq6yxEVXaP/Custom-new-design-tie-dyed-bucket-hat.jpg_300x300.jpg,bucket hat
https://sc02.alicdn.com/kf/HTB1zUGGB5CYBuNkSnaVq6AMsVXaA/Wholesale-Customized-Plain-terry-Towel-Bucket-Hats.jpg_300x300.jpg,bucket hat
https://sc01.alicdn.com/kf/HTB1i_nXxQOWBuNjSsppq6xPgpXaC/Fashion-funny-bucket-hats-women-s-fisherman.jpg_300x300.jpg,bucket hat
https://sc02.alicdn.com/kf/HTB16E.7Xa67gK0jSZFHq6y9jVXaC/Popular-Custom-Design-Your-Own-Plain-Bucket.jpg_300x300.jpg,bucket hat
https://sc02.alicdn.com/kf/HLB1OSFQSxTpK1RjSZR0q6zEwXXaq/Wholesale-Summer-Beach-Fishman-Kids-Bucket-Hat.jpg_300x300.jpg,bucket hat
https://sc02.alicdn.com/kf/HTB1HUfCcQWE3KVjSZSyq6xocXXam/Free-Shipping-by-DHL-FEDEX-Women-Beach.jpg_300x300.jpg,bucket hat
https://sc02.alicdn.com/kf/HTB1SnTiBL9TBuNjy1zbq6xpepXa3/SPEC-476-Custom-wide-brim-fashion-fish.jpg_300x300.jpg,bucket hat
https://sc01.alicdn.com/kf/HTB1DhimXN_rK1RkHFqDq6yJAFXaM/High-Quality-Kids-Safari-Cotton-Bucket-Hat.jpg_300x300.jpg,bucket hat
https://sc02.alicdn.com/kf/HTB1BVWwbuOSBuNjy0Fdq6zDnVXa9/Popular-Custom-Design-Your-Own-Plain-Bucket.jpg_300x300.jpg,bucket hat
https://sc01.alicdn.com/kf/HTB1JDpOj29TBuNjy0Fcq6zeiFXa0/High-Quality-New-Style-Blank-Fisherman-bucket.jpg_300x300.jpg,bucket hat
https://sc01.alicdn.com/kf/HTB1_LKsXffsK1RjSszbq6AqBXXav.jpg_100x100.jpg,bucket hat
https://icbu-cpv-image.oss-us-west-1.aliyuncs.com/2018-new-arrive-fashion-design-character-summer.jpg_100x100.jpg,bucket hat
https://sc01.alicdn.com/kf/HTB17zVDX3aH3KVjSZFjq6AFWpXa8/in-bulk-summer-hats-sun-protection-breathable.jpg_300x300.jpg,bucket hat
https://sc02.alicdn.com/kf/HTB1nReWcrus3KVjSZKb760qkFXaw/Hot-sale-summer-fisherman-hat-3D-embroidery.png_300x300.png,bucket hat
https://sc01.alicdn.com/kf/HTB1Tww7X2vsK1Rjy0Fiq6zwtXXaK/Boshiho-Wholesale-Customized-Leisure-Ecofriendly-Cork-Bucket.jpg_300x300.jpg,bucket hat
https://sc02.alicdn.com/kf/HTB1.6nkaoLrK1Rjy0Fjq6zYXFXaT/China-Wholesale-Outdoor-UV-Protection-Folding-Cover.jpg_300x300.jpg,bucket hat
https://sc01.alicdn.com/kf/HTB1BgCOdMTqK1RjSZPh760fOFXaW/Women-s-natural-color-wide-brim-straw.png_300x300.png,bucket hat
https://sc01.alicdn.com/kf/HTB19GNTbZyYBuNkSnfoq6AWgVXaT/China-Suppliers-outdoor-sun-caps-custom-printed.jpg_300x300.jpg,bucket hat
https://sc02.alicdn.com/kf/HTB1MS2MNSzqK1RjSZPc762TepXab/supply-new-arrival-waterproof-custom-logo-embroidery.png_300x300.png,bucket hat
https://sc01.alicdn.com/kf/HTB1GhRCanJYBeNjy1zeq6yhzVXaE/Professional-Cheap-Fishman-Cotton-Bucket-Hat.jpg_300x300.jpg,bucket hat
https://sc01.alicdn.com/kf/HTB1_bA9bEGF3KVjSZFo762mpFXa8/Wholesale-Plain-Funny-Mens-Bucket-Hats-With.png_300x300.png,bucket hat
https://sc02.alicdn.com/kf/HTB1h0XpbyfrK1RjSspbq6A4pFXa4/Custom-Embroidery-Cotton-Multi-Colors-Bucket-Hats.jpg_300x300.jpg,bucket hat
https://sc01.alicdn.com/kf/HTB1ov97eyOYBuNjSsD4q6zSkFXaO/Fashion-Hot-Sale-Anime-Bucket-Hat-For.jpg_300x300.jpg,bucket hat
https://sc02.alicdn.com/kf/HTB19gaiM9rqK1RjSZK9q6xyypXag/Fashion-Style-Ladies-Revicible-Bucket-Hat-Women.jpg_300x300.jpg,bucket hat
https://sc01.alicdn.com/kf/HTB1zHb6ayzxK1RkSnaVq6xn9VXa4/Small-Order-Custom-Black-Fitted-Corduroy-Bucket.jpg_300x300.jpg,bucket hat
https://sc02.alicdn.com/kf/HTB1GiSIX7fb_uJkSnhJq6zdDVXah/Wholesale-Custom-Printed-Color-Cheap-Bucket-Hat.jpg_300x300.jpg,bucket hat
https://sc01.alicdn.com/kf/HTB1rAfiOpXXXXX6XXXXq6xXFXXXr/High-quality-promotional-women-cloth-cotton-customize.jpg_300x300.jpg,bucket hat
https://sc02.alicdn.com/kf/HTB1XNJlbu6sK1RjSsrbq6xbDXXaa/Wholesale-Solid-Color-Fisherman-Cotton-Bucket-Hat.jpg_300x300.jpg,bucket hat
https://sc01.alicdn.com/kf/HTB1LPNqbEvrK1RjSszfq6xJNVXan/Custom-embroidery-corduroy-bucket-hat.jpg_300x300.jpg,bucket hat
https://sc02.alicdn.com/kf/HTB1aZefemSD3KVjSZFKq6z10VXai/1-3-age-Unisex-Baby-Bucket-Cap.jpg_300x300.jpg,bucket hat
https://sc01.alicdn.com/kf/HTB1BJWhaDjxK1Rjy0Fnq6yBaFXaP/Ladies-New-plaid-Korean-wild-fashion-Grating.jpg_300x300.jpg,bucket hat
https://sc02.alicdn.com/kf/HTB1dp5hRVXXXXXNXVXXq6xXFXXXd/designer-custom-full-printed-fabric-bucket-hats.jpg_300x300.jpg,bucket hat
https://sc01.alicdn.com/kf/HTB1L8traljTBKNjSZFDq6zVgVXaN/Stylish-men-designer-custom-logo-printing-bucket.jpg_300x300.jpg,bucket hat
https://sc02.alicdn.com/kf/HTB177Ydiv1TBuNjy0Fjq6yjyXXaT/Custom-100-Cotton-Multicolor-Fishing-Bucket-Hat.jpg_300x300.jpg,bucket hat
https://sc02.alicdn.com/kf/HTB17nJMXI_vK1Rjy0Foq6xIxVXaf/Fisherman-Bucket-Hat-Custom-Plain-Bucket-Cap.jpg_300x300.jpg,bucket hat
https://sc01.alicdn.com/kf/HTB1dAnpKhWYBuNjy1zkq6xGGpXaI/VCP1075-Wide-Brim-Sun-Hat-Bucket-Hat.jpg_300x300.jpg,bucket hat
https://sc01.alicdn.com/kf/HTB1IZIteMaH3KVjSZFjq6AFWpXad/cheap-factory-handmade-women-s-knitted-orange.jpg_300x300.jpg,bucket hat
https://sc01.alicdn.com/kf/HTB1QavLelKw3KVjSZFOq6yrDVXaU/Custom-embroidery-logo-multi-color-unisex-fishing.jpg_300x300.jpg,bucket hat
https://sc01.alicdn.com/kf/HTB1npToX0fvK1RjSspfq6zzXFXam/Customize-Promotional-Bucket-Hat-White-Plain-Sun.jpg_300x300.jpg,bucket hat
https://sc01.alicdn.com/kf/HTB1q7tvlLuSBuNkHFqDq6xfhVXa9/Women-girls-lovely-cotton-bucket-hat.jpg_300x300.jpg,bucket hat
https://sc02.alicdn.com/kf/HTB15lh8SpXXXXXBapXXq6xXFXXX8/High-quality-reversible-women-s-Polka-dots.jpg_300x300.jpg,bucket hat
https://sc01.alicdn.com/kf/HTB1Gr1PnyCYBuNkSnaVq6AMsVXaL/Lovely-Summer-SPF-50-UV-Sun-Protective.jpg_300x300.jpg,bucket hat
https://sc02.alicdn.com/kf/HTB1Z2dtNgHqK1RjSZFgq6y7JXXar/Winter-Fashion-High-Quality-Hat-Purple-Hot.jpg_300x300.jpg,bucket hat
https://sc01.alicdn.com/kf/HTB15.ptLpXXXXbQaFXXq6xXFXXXD/New-Fashion-Hip-Hop-Green-White-Leaf.jpg_300x300.jpg,bucket hat
https://sc01.alicdn.com/kf/HTB17KW.cBKw3KVjSZFOq6yrDVXam/wholesale-custom-sunscreen-adult-size-round-fisherman.jpg_300x300.jpg,bucket hat
https://sc02.alicdn.com/kf/UTB8JVbYAyaMiuJk43PTq6ySmXXaO/New-summer-custom-personal-logo-unisex-funky.jpg_300x300.jpg,bucket hat
https://sc02.alicdn.com/kf/HTB1GFz1X5DxK1RjSsphq6zHrpXaK/wholesale-plain-corduroy-bucket-hat-with-string.jpg_300x300.jpg,bucket hat
https://sc02.alicdn.com/kf/HTB1w0eWcxSYBuNjSspjq6x73VXaq/Beach-Hawaii-bucket-hat-wholesale-hawaii-hats.jpg_300x300.jpg,bucket hat
https://sc02.alicdn.com/kf/HTB1Xbb_QFXXXXceXFXXq6xXFXXXA/Hat-factory-custom-cotton-printing-bucket-hat.jpg_300x300.jpg,bucket hat
https://sc01.alicdn.com/kf/HLB1TRWmU9zqK1RjSZFjq6zlCFXaJ/High-Quality-Summer-Outdoor-Unisex-sun-protection.jpg_300x300.jpg,bucket hat
https://sc01.alicdn.com/kf/HTB1EDEMXZrrK1RjSspaq6AREXXaX/Summer-beach-straw-hats-for-women-plain.jpg_300x300.jpg,bucket hat
https://sc02.alicdn.com/kf/HTB1jnHcXUWF3KVjSZPhq6xclXXa5/High-quality-custom-finishing-cotton-plain-bucket.jpg_300x300.jpg,bucket hat
https://sc01.alicdn.com/kf/HTB1WflxoP7nBKNjSZLeq6zxCFXa9/Custom-bucket-hat-uk-embroidered-bucket-hat.jpg_300x300.jpg,bucket hat
https://sc02.alicdn.com/kf/HTB1jbh5e8Cw3KVjSZFuq6AAOpXa9/Wholesale-Cotton-Casual-Patch-Black-Men-Bucket.jpg_300x300.jpg,bucket hat
https://sc01.alicdn.com/kf/HTB1pd4uSFXXXXcpXVXXq6xXFXXXU/Popular-colorful-Plain-Bucket-Hat-Wholesale-in.jpg_300x300.jpg,bucket hat
https://sc02.alicdn.com/kf/HTB1VrAhXs_vK1RkSmRyq6xwupXam/trending-products-custom-design-foldable-bucket-hat.jpg_300x300.jpg,bucket hat
https://sc01.alicdn.com/kf/HTB19eDJazzuK1RjSsppq6xz0XXaD/OEM-custom-high-quality-fashion-cool-cotton.jpg_300x300.jpg,bucket hat
https://sc02.alicdn.com/kf/HTB1pmHTKMHqK1RjSZFgq6y7JXXaz/Washed-100-cotton-twill-plain-Kid-Fisherman.jpg_300x300.jpg,bucket hat
https://sc02.alicdn.com/kf/HTB1sdNpPFXXXXXcXXXXq6xXFXXXT/China-factory-directly-cheap100-cotton-custom-terry.jpg_300x300.jpg,bucket hat
https://sc02.alicdn.com/kf/HTB1bbTEihSYBuNjSspj76073VXaH/Cheap-Fisherman-100-polyester-short-brim-fashion.png_300x300.png,bucket hat
https://sc02.alicdn.com/kf/HTB1uURFONTpK1RjSZFKq6y2wXXao/Blank-Funny-Plain-Custom-Bucket-Hat-With.jpg_300x300.jpg,bucket hat
https://sc01.alicdn.com/kf/HTB1Odx6bDjxK1Rjy0Fn761BaFXai/Wholesale-Cotton-Twill-OEM-bucket-hat-Common.png_300x300.png,bucket hat
https://sc02.alicdn.com/kf/HTB1E2fBaoz1gK0jSZLeq6z9kVXaB/fashion-custom-high-quality-printed-bucket-hat.jpg_300x300.jpg,bucket hat
https://sc01.alicdn.com/kf/HTB1XJ4nlxSYBuNjSspjq6x73VXaH/Promotional-wholesale-custom-orange-bucket-hat.jpg_300x300.jpg,bucket hat
https://sc02.alicdn.com/kf/HTB1eaqScnZRMeJjSspoq6ACOFXaA/Summer-Bucket-Hat-Cap-Safari-Hats-Fishing.jpg_300x300.jpg,bucket hat
https://sc02.alicdn.com/kf/HLB1tUvQRQvoK1RjSZFNq6AxMVXa9/Newborn-hats-100-Cotton-narrow-brim-newborn.jpg_300x300.jpg,bucket hat
https://sc01.alicdn.com/kf/HTB1z_eEXsnI8KJjSsziq6z8QpXak/Allover-foil-printed-denim-bucket-hat.jpg_300x300.jpg,bucket hat
https://sc02.alicdn.com/kf/HTB166GvXQCy2eVjSZSyq6xukVXaU/summer-outdoor-fishing-nylon-men-sun-protection.jpg_300x300.jpg,bucket hat
https://sc02.alicdn.com/kf/HTB1vn4Fbx_rK1RkHFqDq6yJAFXa3/OEM-camo-short-brim-bucket-hats-custom.jpg_300x300.jpg,bucket hat
https://sc01.alicdn.com/kf/HTB1x7Rgas_vK1Rjy0Foq6xIxVXaV/Wholesale-Custom-Promotional-100-Cotton-Packable-Summer.jpg_300x300.jpg,bucket hat
https://sc01.alicdn.com/kf/HTB1LcNTWcbpK1RjSZFyq6x_qFXa5/Women-Ponytail-Safari-Sun-Hats-For-Women.jpg_300x300.jpg,bucket hat
https://sc02.alicdn.com/kf/HTB1d8ZpX4_rK1RkHFqDq6yJAFXa2/Ningheng-oem-outdoor-golf-custom-logo-red.jpg_300x300.jpg,bucket hat
https://sc02.alicdn.com/kf/HTB1d1.1LVXXXXbGaXXXq6xXFXXXw/SEDEX-china-factory-lace-design-kids-bucket.jpg_300x300.jpg,bucket hat
https://sc02.alicdn.com/kf/HTB1jdrBomYTBKNjSZKbq6xJ8pXae/Women-Vintage-Design-Foldable-Travel-Gift-Denim.jpg_300x300.jpg,bucket hat
https://sc01.alicdn.com/kf/HTB1NruecAxz61VjSZFrq6xeLFXaA/Wholesale-Drop-Shiping-Cheap-Summer-Bucket-Hat.jpg_300x300.jpg,bucket hat
https://sc01.alicdn.com/kf/HTB1.spHazLuK1Rjy0Fhq6xpdFXag/hotsale-fashion-denim-jeans-bucket-hats-women.jpg_300x300.jpg,bucket hat
https://sc01.alicdn.com/kf/HTB1EyiBdpGWBuNjy0Fbq6z4sXXae/Popular-Design-Your-Own-Custom-Plain-Bucket.jpg_300x300.jpg,bucket hat
https://sc02.alicdn.com/kf/HTB1bmrPasrrK1Rjy1zeq6xalFXaj/Good-Quality-UV-Protection-PC-Material-Children.jpg_300x300.jpg,bucket hat
https://sc01.alicdn.com/kf/UTB8y721iFPJXKJkSahVq6xyzFXay/custom-plain-cotton-cheap-bucket-hat.jpg_300x300.jpg,bucket hat
https://sc01.alicdn.com/kf/HTB1bSMDXkxz61VjSZFt761DSVXaw/Custom-outdoor-High-Quality-Embroidery-Bucket-Hat.png_300x300.png,bucket hat
https://sc02.alicdn.com/kf/HLB10owzSzTpK1RjSZKPq6y3UpXaS/Fashion-Unisex-Flat-Fisherman-Hat-Black-Bucket.jpg_300x300.jpg,bucket hat
https://sc01.alicdn.com/kf/HTB1JBlPjqQoBKNjSZJnq6yw9VXaU/Wholesale-custom-polyester-print-fishing-funny-bucket.jpg_300x300.jpg,bucket hat
https://sc01.alicdn.com/kf/HTB1avLgpH9YBuNjy0Fgq6AxcXXa3/Star-Embroidered-Black-Unisex-Bucket-Hat.jpg_300x300.jpg,bucket hat
https://sc02.alicdn.com/kf/HTB1Tez7eL6H8KJjy0Fjq6yXepXa3/New-arrival-simple-purify-color-hip-hop.jpg_300x300.jpg,bucket hat
https://sc01.alicdn.com/kf/HTB1NbhYbCzqK1RjSZFjq6zlCFXa2/Wholesale-factory-price-blank-bucket-hat-custom.jpg_300x300.jpg,bucket hat
https://sc01.alicdn.com/kf/HTB1Uz9.pYGYBuNjy0Foq6AiBFXak/Custom-Leaf-Printed-Flat-Cap-Bucket-Hat.jpg_300x300.jpg,bucket hat
https://sc02.alicdn.com/kf/HTB1HTFbKjDpK1RjSZFrq6y78VXa1/Fashion-safari-hat-male-and-female-outdoor.jpg_300x300.jpg,bucket hat
https://sc01.alicdn.com/kf/HTB10qSHpxSYBuNjSsphq6zGvVXaX/Summer-fashion-girls-cotton-sunshade-bucket-hat.jpg_300x300.jpg,bucket hat
https://sc02.alicdn.com/kf/HTB1DbphXFzsK1Rjy1Xbq6xOaFXaG/100-cotton-wholesale-cheap-galaxy-cheap-bucket.jpg_300x300.jpg,bucket hat
https://sc01.alicdn.com/kf/HTB1BkAlXCf2gK0jSZFPq6xsopXaa/Double-Sided-Foldable-Plain-Women-Girl-Sun.jpg_300x300.jpg,bucket hat
https://sc01.alicdn.com/kf/HTB1JAOHaInrK1RjSspkq6yuvXXa0/Summer-Baby-Plain-Bucket-Sun-Hat-With.jpg_300x300.jpg,bucket hat
https://sc01.alicdn.com/kf/HTB1f6wEg9tYBeNjSspkq6zU8VXa8/Custom-logo-embroidered-cotton-wide-brim-bucket.jpg_300x300.jpg,bucket hat
https://sc01.alicdn.com/kf/HTB1iM8dd9tYBeNjSspkq6zU8VXaj/custom-logo-printed-lady-bucket-hat.jpg_300x300.jpg,bucket hat
https://sc01.alicdn.com/kf/HTB1fj6fXzfguuRjSszcq6zb7FXaq/fashion-girl-spot-printed-pink-wide-brim.jpg_300x300.jpg,bucket hat
https://sc02.alicdn.com/kf/HLB1C_nAQBLoK1RjSZFuq6xn0XXal/Lovely-Cartoon-anime-fishing-hat-Wide-Brim.jpg_300x300.jpg,bucket hat
https://sc01.alicdn.com/kf/HTB1ppV1mr9YBuNjy0Fgq6AxcXXaE/Hot-Sale-Cheap-Flower-Bucket-Hat-Wholesale.jpg_300x300.jpg,bucket hat
https://sc02.alicdn.com/kf/HLB11oQIScbpK1RjSZFyq6x_qFXaz/custom-outdoor-sport-forest-camo-bucket-hat.jpg_300x300.jpg,bucket hat
https://sc01.alicdn.com/kf/HTB1TqZOdrwrBKNjSZPcq6xpapXa5/Wholesale-Custom-Cotton-Twill-Bucket-Hat-With.jpg_300x300.jpg,bucket hat
https://sc01.alicdn.com/kf/UTB86sGWswQydeJk43PUq6AyQpXae/Hats-Top-Headwear-Safari-Explorer-Bucket-Hat.jpg_300x300.jpg,bucket hat
https://sc02.alicdn.com/kf/HTB1TuQIXsrrK1Rjy1zeq6xalFXad/High-Quality-Fashion-Wholesale-Blank-Cotton-Custom.jpg_300x300.jpg,bucket hat
https://icbu-cpv-image.oss-us-west-1.aliyuncs.com/High-quality-custom-100-cotton-reversible-embroidered.jpg_100x100.jpg,bucket hat
https://sc02.alicdn.com/kf/HTB1gy1KKr1YBuNjSszeq6yblFXaO/Fashion-ladies-custom-cotton-bucket-hat-Sun.jpg_300x300.jpg,bucket hat
https://sc02.alicdn.com/kf/HTB1ruQFKVXXXXbGXFXXq6xXFXXXj/fashion-custom-cute-funny-print-bucket-hat.jpg_300x300.jpg,bucket hat
https://sc01.alicdn.com/kf/HTB1jOigN4TpK1RjSZFKq6y2wXXaM/Wholesale-Hot-Sale-Personalized-Monogrammed-Kids-Bucket.jpg_300x300.jpg,bucket hat
https://sc02.alicdn.com/kf/HTB1LN8RIuOSBuNjy0Fdq6zDnVXaO/Wholesale-Simple-Blank-Custom-Logo-Cheap-Promotion.jpg_300x300.jpg,bucket hat
https://sc01.alicdn.com/kf/HTB1P_wDaeUXBuNjt_XBq6xeDXXar/Outdoor-Custom-Bucket-Hat-UV-Protection-Mesh.jpg_300x300.jpg,bucket hat
https://sc02.alicdn.com/kf/HTB1NJo1coGF3KVjSZFoq6zmpFXaF/Summer-UV-Protection-Hat-Safari-Hiking-Fisherman.jpg_300x300.jpg,bucket hat
https://sc01.alicdn.com/kf/HTB1Vz9eeCBYBeNjy0Feq6znmFXa6/custom-adult-plain-white-cotton-bucket-hat.jpg_300x300.jpg,bucket hat
https://sc02.alicdn.com/kf/HTB113_UhOMnBKNjSZFzq6A_qVXac/Factory-Price-Customize-Printed-Floral-Reversible-Bucket.jpg_300x300.jpg,bucket hat
https://sc01.alicdn.com/kf/HTB1f3cXAOOYBuNjSsD4q6zSkFXas/Fashion-Sublimation-Flower-Best-Price-Golf-Bucket.jpg_300x300.jpg,bucket hat
https://sc01.alicdn.com/kf/HTB1zyczc.KF3KVjSZFEq6xExFXal/custom-high-quality-embroidery-logo-denim-bucket.jpg_300x300.jpg,bucket hat
https://sc02.alicdn.com/kf/HTB1lj4fXkT2gK0jSZFkq6AIQFXa7/Customized-RPET-Hat-100-Recyclable-Fashion-Bucket.jpg_300x300.jpg,bucket hat
https://sc02.alicdn.com/kf/HTB1BfGcLxjaK1RjSZFAq6zdLFXaK/Fashion-New-Design-Double-sided-Use-Fisherman.jpg_300x300.jpg,bucket hat
https://sc01.alicdn.com/kf/HTB1Nz7eeHus3KVjSZKbq6xqkFXaA/Fisherman-Bucket-Hat.jpg_300x300.jpg,bucket hat
https://sc01.alicdn.com/kf/HTB1MI3PaPvuK1Rjy0Faq6x2aVXak/2019-Shenzhen-Cap-factory-wholesale-custom-polo.jpg_300x300.jpg,bucket hat
https://sc02.alicdn.com/kf/HTB1dUnvteuSBuNjy1Xcq6AYjFXab/Best-seller-fishing-cap-men-hunting-hat.jpg_300x300.jpg,bucket hat
https://sc02.alicdn.com/kf/HLB1_AkzUwHqK1RjSZFEq6AGMXXaH/2019-High-Quality-Fisher-Hiking-Bucket-Hats.jpg_300x300.jpg,bucket hat
https://sc02.alicdn.com/kf/HTB1FeDhXODxK1Rjy1zcq6yGeXXaB/Pacific-Cotton-White-Terry-Cloth-Bucket-Hat.jpg_300x300.jpg,bucket hat
https://sc01.alicdn.com/kf/HTB110AFKhSYBuNjSspjq6x73VXaS/custom-Cotton-Floral-Plain-Printed-Blank-bucket.jpg_300x300.jpg,bucket hat
https://sc02.alicdn.com/kf/HTB17YIUX.GF3KVjSZFv762_nXXaM/Women-bucket-hat-wool-blend-polyester-custom.png_300x300.png,bucket hat
https://sc02.alicdn.com/kf/HLB1dGS0SgHqK1RjSZJnq6zNLpXaV/YZORA-unisex-double-sided-holographic-cap-fisherman.jpg_300x300.jpg,bucket hat
https://sc01.alicdn.com/kf/HTB1t.hrKFXXXXbNXVXXq6xXFXXXb/The-New-360-degree-Outdoor-Hats-and.jpg_300x300.jpg,bucket hat
https://sc01.alicdn.com/kf/HTB1vTB1LXXXXXbQXFXXq6xXFXXX9/Cabbage-patch-bucket-hat.jpg_300x300.jpg,bucket hat
https://sc01.alicdn.com/kf/HTB1rM6JXb1YBuNjSszeq6yblFXaa/Acrylic-knit-brushed-fuzzy-cheap-angora-bucket.jpg_300x300.jpg,bucket hat
https://sc01.alicdn.com/kf/HTB1SIG6rDtYBeNjy1Xdq6xXyVXa7/galaxy-cheap-vietnam-bucket-hat-hatcap-yiwu.jpg_300x300.jpg,bucket hat
https://sc02.alicdn.com/kf/HTB1C0dIOpXXXXaEXFXXq6xXFXXXe/Design-new-products-outdoor-bucket-hat.jpg_300x300.jpg,bucket hat
https://sc01.alicdn.com/kf/HTB1HQI6aXzsK1Rjy1Xbq6xOaFXaO/Quality-Promotional-Women-Men-Stylish-Custom-Outdoor.jpg_300x300.jpg,bucket hat
https://sc01.alicdn.com/kf/HTB1RTGeavjsK1Rjy1Xaq6zispXay/Wholesale-Bucket-Cap-Cheap-fisherman-hat-Design.jpg_300x300.jpg,bucket hat
https://sc01.alicdn.com/kf/HTB1jNsca6rguuRjy0Fe760cbFXaW/Solid-color-cotton-linen-fisherman-fishing-curling.png_300x300.png,bucket hat
https://sc01.alicdn.com/kf/HTB1Wg5qDYGYBuNjy0Foq6AiBFXaI/Feather-Printing-Denim-Bucket-Hat-Double-Sides.jpg_300x300.jpg,bucket hat
https://sc01.alicdn.com/kf/HTB1_LKsXffsK1RjSszbq6AqBXXav/2019-China-supplier-wholesale-Custom-Plain-waterproof.jpg_300x300.jpg,bucket hat
https://sc02.alicdn.com/kf/HTB17RxoKFXXXXXXaXXXq6xXFXXXJ/The-New-Fishing-Caps-360-degree-Outdoor.jpg_300x300.jpg,bucket hat
https://sc01.alicdn.com/kf/HTB109TYX0fvK1RjSszhq6AcGFXaP/Factory-customized-size-high-quality-white-bucket.jpg_300x300.jpg,bucket hat
https://sc01.alicdn.com/kf/HTB16IvMXdfvK1RjSspfq6zzXFXaZ/cheap-custom-men-camo-bucket-hat-sale.jpg_300x300.jpg,bucket hat
https://sc01.alicdn.com/kf/HTB15u7YGYuWBuNjSszgq6z8jVXan/Summer-Outdoor-Bucket-Hats-Sun-Protective-Folding.jpg_300x300.jpg,bucket hat
https://sc02.alicdn.com/kf/HTB1G6pZIVXXXXXQXXXXq6xXFXXXp/Plain-String-Bucket-Hat-Wholesale.jpg_300x300.jpg,bucket hat
https://sc01.alicdn.com/kf/HTB1sO2uXyLrK1Rjy1zdq6ynnpXaY/2018-Autumn-And-Winter-New-Korean-Version.jpg_300x300.jpg,bucket hat
https://sc01.alicdn.com/kf/HTB10satdQfb_uJkSnhJq6zdDVXaA/Camouflage-Bucket-Hat-Custom-Camo-Bucket-Hat.jpg_300x300.jpg,bucket hat
https://sc02.alicdn.com/kf/HTB1Okk6jQCWBuNjy0Fa760UlXXat/Shady-wide-stiff-brim-grey-flexfit-string.png_300x300.png,bucket hat
https://sc02.alicdn.com/kf/HTB12n5AhA9WBuNjSspeq6yz5VXaf/Fashion-summer-bucket-hat-high-quality-plain.jpg_300x300.jpg,bucket hat
https://sc02.alicdn.com/kf/HTB1h31TqpGWBuNjy0Fbq6z4sXXag/100-cotton-purple-bucket-hat.jpg_300x300.jpg,bucket hat
https://sc01.alicdn.com/kf/HTB1MS5PcqSs3KVjSZPiq6AsiVXae/2019-custom-Digi-Tie-Dye-Bucket-Hat.jpg_300x300.jpg,bucket hat
https://icbu-cpv-image.oss-us-west-1.aliyuncs.com/Adjustable-String-Outdoor-Fishing-Camping-USA-Flag.jpg_100x100.jpg,bucket hat
https://sc01.alicdn.com/kf/HTB134zVav6TBKNjSZJiq6zKVFXak/Digital-Printing-Double-Side-Fisherman-Cap-Reversable.jpg_300x300.jpg,bucket hat
https://sc01.alicdn.com/kf/HTB14OvgXu6sK1RjSsrbq6xbDXXab/Cap-Custom-Outdoor-Sun-Protect-Fishing-Hat.jpg_300x300.jpg,bucket hat
https://sc02.alicdn.com/kf/HTB1QJ6cxXmWBuNjSspdq6zugXXa0/Fashion-Fishing-Bucket-Hat-Cap.jpg_300x300.jpg,bucket hat
https://sc02.alicdn.com/kf/HTB1HDhtbsnrK1RjSspkq6yuvXXaV/2019-Ladies-Fashion-58cm-Anti-UV-Foldable.jpg_300x300.jpg,bucket hat
https://sc01.alicdn.com/kf/HLB1vvcwTCzqK1RjSZFL763n2XXaa/2019-wholesale-bulk-in-stock-custom-logo.png_300x300.png,bucket hat
https://sc01.alicdn.com/kf/HLB1qpoPdu3tHKVjSZSgq6x4QFXaf/Foldable-Sunhat-Women-Safari-Beach-Fishing-Bucket.jpg_300x300.jpg,bucket hat
https://sc02.alicdn.com/kf/HTB1yePqNXXXXXcpaXXXq6xXFXXXQ/Plain-Cotton-bucket-hats.jpg_300x300.jpg,bucket hat
https://sc02.alicdn.com/kf/HTB1G5RZXjDuK1RjSszdq6xGLpXat/Cheap-custom-sublimation-printed-designer-bucket-hat.jpg_300x300.jpg,bucket hat
https://sc02.alicdn.com/kf/HTB1WmuCbsfrK1RkSnb4q6xHRFXaE/Wholesale-Monogrammed-Canvas-Floral-Print-Bucket-Hats.jpg_300x300.jpg,bucket hat
https://sc01.alicdn.com/kf/HTB1y89YPFXXXXb4XFXXq6xXFXXXN/Cotton-Twill-bucket-hat.jpg_300x300.jpg,bucket hat
https://sc01.alicdn.com/kf/HTB1MK7odEGF3KVjSZFo762mpFXaw/Popular-custom-funny-bucket-hat-for-headwear.png_300x300.png,bucket hat
https://sc01.alicdn.com/kf/HTB1HGteXXY7gK0jSZKzq6yikpXa9/Fashion-embroidered-wide-edge-lady-fisherman-bucket.jpg_300x300.jpg,bucket hat
https://sc01.alicdn.com/kf/HTB1KPh4piOYBuNjSsD4q6zSkFXal/Wholesale-Good-Quality-Outdoor-Sun-Cap-Foldable.jpg_300x300.jpg,bucket hat
https://sc02.alicdn.com/kf/HTB1OcUAXAY2gK0jSZFg7635OFXaT/Summer-Wide-Brim-Sun-Hats-for-Women.png_300x300.png,bucket hat
https://sc01.alicdn.com/kf/HTB1bxmpeTJ_SKJjSZPiq6z3LpXaL/Custom-OEM-printing-logo-fishing-bucket-hat.jpg_300x300.jpg,bucket hat
https://sc02.alicdn.com/kf/HTB1a5APC4GYBuNjy0Fnq6x5lpXa5/Bucket-hat.jpg_300x300.jpg,bucket hat
https://sc01.alicdn.com/kf/HTB1Vo5baijrK1RjSsplq6xHmVXal/2018-Most-Popular-100-Cotton-white-bucket.jpg_300x300.jpg,bucket hat
https://sc02.alicdn.com/kf/HTB1.T8_I7SWBuNjSszdq6zeSpXaV/100-cotton-material-custom-color-full-close.jpg_300x300.jpg,bucket hat
https://sc02.alicdn.com/kf/HTB1HTR8qH9YBuNjy0Fgq6AxcXXav/Manufacture-OEM-Baby-Custom-Print-Bucket-Hat.jpg_300x300.jpg,bucket hat
https://sc01.alicdn.com/kf/HTB1Ne0Ks9BYBeNjy0Feq6znmFXaY/Custom-Personal-Logo-Embroidery-Printing-Outdoor-Casual.jpg_300x300.jpg,bucket hat
https://sc02.alicdn.com/kf/HLB1qFHYRMHqK1RjSZFEq6AGMXXa6/FG-A-TACS-Camo-Outdoor-Fishing-Custom.jpg_300x300.jpg,bucket hat
https://sc01.alicdn.com/kf/HTB1S5bdaxz1gK0jSZSgq6yvwpXaJ/Custom-Meidiney-Make-America-Great-Again-Bucket.jpg_300x300.jpg,bucket hat
https://sc01.alicdn.com/kf/HTB1d0Vpd21H3KVjSZFHq6zKppXa0/Young-Men-Fashion-Summer-Streetwear-Custom-Printing.jpg_300x300.jpg,bucket hat
https://sc01.alicdn.com/kf/HTB1RfW_oHGYBuNjy0Foq6AiBFXaZ/2018-Fashion-Fishing-Custom-Bucket-Hat-With.jpg_300x300.jpg,bucket hat
https://sc01.alicdn.com/kf/HTB1K1t6mljTBKNjSZFDq6zVgVXa1/Hutting-Fishing-Hat-Sun-Protection-Hiking-Cap.jpg_300x300.jpg,bucket hat
https://sc02.alicdn.com/kf/HTB16OB7MpXXXXbTXFXXq6xXFXXX7/100-cotton-canvas-bucket-hat.jpg_300x300.jpg,bucket hat
https://sc02.alicdn.com/kf/HTB1dVZwaQWE3KVjSZSyq6xocXXar/Reversible-custom-Double-Sides-Camo-Cotton-Twill.jpg_300x300.jpg,bucket hat
https://sc01.alicdn.com/kf/HTB16Fm4KFXXXXa4aXXXq6xXFXXXA/Reversible-bucket-hat-Fish-100-cotton-Canvas.jpg_300x300.jpg,bucket hat
https://sc02.alicdn.com/kf/HTB1WNsrayHrK1Rjy0Flq6AsaFXaU/homies-embroidery-folding-Bucket-Hat-Cap-Fisher.jpg_300x300.jpg,bucket hat
https://sc01.alicdn.com/kf/HTB1ys3cNjDpK1RjSZFrq6y78VXaP/Blank-bucket-hat-with-Custom-logo.jpg_300x300.jpg,bucket hat
https://sc02.alicdn.com/kf/HTB1bC1OaUKF3KVjSZFEq6xExFXah/Youlimao-wide-brim-bucket-hat-bucket-hat.jpg_300x300.jpg,bucket hat
https://sc01.alicdn.com/kf/HLB13rmFSQvoK1RjSZFwq6AiCFXaz/Wholesale-Hot-Sale-Monogrammed-New-Design-Personalized.jpg_300x300.jpg,bucket hat
https://sc02.alicdn.com/kf/HTB1Xcy5J9rqK1RjSZK9q6xyypXaF/popular-summer-plain-bucket-cap-custom-wholesale.jpg_300x300.jpg,bucket hat
https://sc02.alicdn.com/kf/HTB1lF_gaU4WMKJjSspmq6AznpXa0/Foldable-polyester-blank-bucket-sun-viser-hat.jpg_300x300.jpg,bucket hat
https://sc01.alicdn.com/kf/HTB1nxdbd3aH3KVjSZFjq6AFWpXaG/Custom-Logo-Men-s-Women-s-Reversible.jpg_300x300.jpg,bucket hat
https://sc02.alicdn.com/kf/HTB1eUQBjKySBuNjy1zdq6xPxFXa3/Soft-mesh-nylon-breathable-crown-summer-hiking.jpg_300x300.jpg,bucket hat
https://sc02.alicdn.com/kf/HTB1uzabKlLoK1RjSZFuq6xn0XXar/Hot-sale-fashionable-custom-camouflage-denim-bucket.jpg_300x300.jpg,bucket hat
https://sc02.alicdn.com/kf/HTB1aIwyPVXXXXXDXpXXq6xXFXXXj/Polyester-fabric-sublimation-bucket-hat-fisherman-star.jpg_300x300.jpg,bucket hat
https://sc02.alicdn.com/kf/HTB19CnfgbsTMeJjSszgq6ycpFXa0/China-manufactory-fishing-hunting-hat-promotional-blank.jpg_300x300.jpg,bucket hat
https://sc01.alicdn.com/kf/HLB1TfK2du3tHKVjSZSgq6x4QFXax/Military-boonie-bucket-hats-men-with-string.jpg_300x300.jpg,bucket hat
https://sc01.alicdn.com/kf/HTB1Bq9TafjsK1Rjy1Xaq6zispXaP/Blue-and-black-girls-fancy-winter-floral.jpg_300x300.jpg,bucket hat
https://sc02.alicdn.com/kf/HTB1Kqkabq5s3KVjSZFNq6AD3FXaL/2019-KCOA-In-Stock-Promotional-Unisex-Blank.jpg_300x300.jpg,bucket hat
https://sc01.alicdn.com/kf/HTB1nY9PQXXXXXcwXXXXq6xXFXXXV/custom-white-plain-bucket-hat-wholesale.jpg_300x300.jpg,bucket hat
https://sc02.alicdn.com/kf/HTB1lQ9Qalr0gK0jSZFnq6zRRXXah/Summer-Outdoor-Cypress-Hill-Bucket-Hats-Sun.jpg_300x300.jpg,bucket hat
https://sc01.alicdn.com/kf/HLB12Fzaavc3T1VjSZPfq6AWHXXae/Wholesale-Custom-Bucket-Hat-New-Arrival-Summer.jpg_300x300.jpg,bucket hat
https://sc02.alicdn.com/kf/HLB1URCySW6qK1RjSZFmq6x0PFXaN/100-Cotton-Embroidery-Custom-Bucket-Hat.jpg_300x300.jpg,bucket hat
https://sc01.alicdn.com/kf/HTB1n7pvOmzqK1RjSZFLq6An2XXad/Wholesale-Custom-Cotton-Yellow-Beach-Bucket-Hat.jpg_300x300.jpg,bucket hat
https://sc01.alicdn.com/kf/HTB1dZZeXovrK1RjSszfq6xJNVXar/Cosum-Embroidery-Plain-Cotton-Blank-Custom-Bucket.jpg_300x300.jpg,bucket hat
https://sc02.alicdn.com/kf/HTB1WgqpXOzxK1RjSspjq6AS.pXa1/New-products-waterproof-printed-floppy-summer-bucket.jpg_300x300.jpg,bucket hat
https://sc02.alicdn.com/kf/HTB1X2ZLoxPI8KJjSspoq6x6MFXaT/high-quality-shinny-velvet-Bucket-Hats.jpg_300x300.jpg,bucket hat
https://sc02.alicdn.com/kf/HTB1FVg4azLuK1Rjy0Fhq6xpdFXar/fashion-short-brim-safari-plain-design-your.jpg_300x300.jpg,bucket hat
https://sc02.alicdn.com/kf/HTB1ghqtX.uF3KVjSZK9q6zVtXXa7/1310307-custom-wholesale-tactical-white-denim-kids.jpg_300x300.jpg,bucket hat
https://sc02.alicdn.com/kf/HTB1BjNjeRHH8KJjy0Fbq6AqlpXa6/ART-IDEA-New-design-white-cotton-twill.jpg_300x300.jpg,bucket hat
https://icbu-cpv-image.oss-us-west-1.aliyuncs.com/baby-white-black-stripes-printed-nylon-folding.png_100x100.png,bucket hat
https://sc02.alicdn.com/kf/HLB19ripSFzqK1RjSZFvq6AB7VXam/Design-Your-Own-Blank-Terry-Towel-Bucket.jpg_300x300.jpg,bucket hat
https://sc01.alicdn.com/kf/HTB1d.o3Xv5G3KVjSZPx762I3XXas/Female-spring-and-summer-models-foldable-plaid.png_300x300.png,bucket hat
https://sc02.alicdn.com/kf/HTB1ObsQayzxK1Rjy1zkq6yHrVXaf/3D-Printed-Fisherman-Hat-Flat-Top-Wild.jpg_300x300.jpg,bucket hat
https://sc02.alicdn.com/kf/HTB1tiyLKpXXXXbPXXXXq6xXFXXXB/Plain-Cotton-bucket-hat.jpg_300x300.jpg,bucket hat
https://sc01.alicdn.com/kf/HTB14zLuqYsTMeJjy1zbq6AhlVXaj/Custom-reversible-tie-dyed-cheap-bucket-hat.jpg_300x300.jpg,bucket hat
https://sc01.alicdn.com/kf/HTB17rNsbG5s3KVjSZFN763D3FXav/Design-Your-Own-Custom-Printed-White-Blank.png_300x300.png,bucket hat
https://sc02.alicdn.com/kf/HTB1xzRyeq5s3KVjSZFNq6AD3FXaB/Printed-female-adults-fishing-cap-outdoor-men.jpg_300x300.jpg,bucket hat
https://sc01.alicdn.com/kf/HTB1oO9IMMHqK1RjSZJn762NLpXaz/New-Summer-Best-Selling-Custom-Logo-Boonie.png_300x300.png,bucket hat
https://sc02.alicdn.com/kf/HTB1Gti4MXXXXXbQXFXXq6xXFXXXY/2016-fashion-custom-bucket-hat-with-string.jpg_300x300.jpg,bucket hat
https://sc02.alicdn.com/kf/HTB1H2Q4miMnBKNjSZFoq6zOSFXaf/Collapsible-Ultraviolet-proof-Kids-Sun-Bucket-Hat.jpg_300x300.jpg,bucket hat
https://sc02.alicdn.com/kf/HTB1P1C7IFXXXXc3XpXXq6xXFXXXh/wholesales-cheap-bucket-hats-with-your-own.jpg_300x300.jpg,bucket hat
https://sc01.alicdn.com/kf/HTB1lMiobvfsK1RjSszgq6yXzpXa8/Extreme-UPF50-Outdoor-Condition-Ear-Neck-Flap.jpg_300x300.jpg,bucket hat
https://sc02.alicdn.com/kf/HTB1tlfpQFXXXXXFaXXXq6xXFXXXj/wholesale-promotional-Custom-cotton-high-quality-fishing.jpg_300x300.jpg,bucket hat
https://sc02.alicdn.com/kf/HTB1Ztk0MAPoK1RjSZKbq6x1IXXa4/Roll-up-Beach-Sun-Summer-beach-hat.jpg_300x300.jpg,bucket hat
https://sc02.alicdn.com/kf/HTB1eCPMXvBj_uVjSZFp7630SXXaO/Tropical-fruit-pattern-fisherman-hats-female-summer.png_300x300.png,bucket hat
https://sc01.alicdn.com/kf/HTB1GRWiX.T1gK0jSZFhq6yAtVXaT/Custom-cotton-twill-fishing-cap-custom-embroidered.jpg_300x300.jpg,bucket hat
https://sc01.alicdn.com/kf/HTB1We7Uc6rguuRjy0Fe760cbFXaq/China-Wholesale-Cheap-Cotton-Fabric-Fisherman-Bucket.png_300x300.png,bucket hat
https://sc02.alicdn.com/kf/HTB1Rk62c.uF3KVjSZK9q6zVtXXaV/Cotton-hemp-fisherman-hat-lady-bucket-hat.jpg_300x300.jpg,bucket hat
https://sc01.alicdn.com/kf/HLB1pGIMUkzoK1RjSZFlq6yi4VXao/Cheap-Advertising-Promotions-Customized-Personal-Logo-Print.jpg_300x300.jpg,bucket hat
https://sc02.alicdn.com/kf/HTB1gk_vaED.BuNjt_h7q6yNDVXaY/High-Quality-Washed-Cotton-Denim-Bucket-Hat.jpg_300x300.jpg,bucket hat
https://sc02.alicdn.com/kf/HTB1mqa7ovDH8KJjy1Xcq6ApdXXan/2018Tlove-Summer-His-and-Hers-Custom-Fishing.jpg_300x300.jpg,bucket hat
https://sc01.alicdn.com/kf/HTB1MADWceuSBuNjy1Xc763YjFXaT/Promotional-100-cotton-plain-dyed-bucket-hat.png_300x300.png,bucket hat
https://sc01.alicdn.com/kf/HTB1OddGXOHrK1Rjy0Flq6AsaFXay/Promo-wholesale-custom-printed-cotton-bucket-hats.jpg_300x300.jpg,bucket hat
https://sc01.alicdn.com/kf/HTB1hj4kRXXXXXanaXXXq6xXFXXXi/Wholesale-Military-Fisherman-Camo-Bucket-Hat.jpg_300x300.jpg,bucket hat
https://sc02.alicdn.com/kf/HTB1Dc70JVXXXXc6XVXXq6xXFXXXa/custom-bucket-hat-with-string-plain-bucket.jpg_300x300.jpg,bucket hat
https://sc01.alicdn.com/kf/HTB11oOiLCzqK1RjSZFjq6zlCFXae/2019-New-Sweet-Lady-Knit-Bucket-Hat.jpg_300x300.jpg,bucket hat
https://sc02.alicdn.com/kf/HTB1EqDsMH2pK1RjSZFsq6yNlXXaT/Factory-price-lovely-unicorn-printed-bucket-hat.jpg_300x300.jpg,bucket hat
https://sc01.alicdn.com/kf/HTB1NFOhKhTpK1RjSZFMq6zG_VXaX/Hot-Summer-Printing-Chiffon-Detachable-Women-Long.jpg_300x300.jpg,bucket hat
https://sc01.alicdn.com/kf/HTB1KuHQXOnrK1RjSsziq6xptpXaE/Hot-Sale-Cotton-Fisherman-Hat-Wholesale-Men.jpg_300x300.jpg,bucket hat
https://sc02.alicdn.com/kf/HTB1DiM8aLBNTKJjSszeq6Au2VXal/Cheap-factory-custom-Embroidered-cotton-Bucket-hat.jpg_300x300.jpg,bucket hat
https://img.alicdn.com/tfs/TB1S_7kkY5YBuNjSspoXXbeNFXa-700-700.jpg_350x350.jpg,bucket hat
https://sc02.alicdn.com/kf/HTB1FwMMkZyYBuNkSnfoq6AWgVXaT/2018-White-Custom-print-Bucket-hat-with.jpg_300x300.jpg,bucket hat
https://sc01.alicdn.com/kf/HTB1cY0IaIfrK1RkSmLy760GApXaJ/Custom-Summer-Outdoor-Black-Pink-Women-Cap.png_300x300.png,bucket hat
https://sc02.alicdn.com/kf/HTB1Oi6QPFXXXXbpXpXXq6xXFXXX8/Ever-song-cypress-hill-bucket-hat-many.jpg_300x300.jpg,bucket hat
